{"vloss": [4.58298397064209, 4.58298397064209, 4.58298397064209, 4.58298397064209, 4.58298397064209, 4.58298397064209, 4.58298397064209, 4.58298397064209, 4.58298397064209, 4.58298397064209, 4.58298397064209, 4.58298397064209, 4.58298397064209, 4.58298397064209, 4.58298397064209, 4.58298397064209, 4.58298397064209, 4.58298397064209, 4.58298397064209, 4.58298397064209, 4.58298397064209, 4.58298397064209, 4.58298397064209, 4.58298397064209, 4.58298397064209, 4.58298397064209, 4.58298397064209, 4.58298397064209, 4.58298397064209, 4.58298397064209, 4.58298397064209, 4.58298397064209, 4.58298397064209, 4.58298397064209, 4.58298397064209, 4.58298397064209, 4.58298397064209, 4.58298397064209, 4.58298397064209, 4.58298397064209, 4.58298397064209, 4.58298397064209, 4.58298397064209, 4.58298397064209, 4.58298397064209, 4.58298397064209, 4.58298397064209, 4.58298397064209, 4.58298397064209, 4.58298397064209, 4.58298397064209, 4.58298397064209, 4.58298397064209, 4.58298397064209, 4.58298397064209], "tloss": [0.045829753875732425, 4.5830767679214475, 4.583104648590088, 4.582966675758362, 4.582965469360351, 4.583034505844116, 4.583078980445862, 4.583084335327149, 4.582984180450439, 4.58296359539032, 4.583038387298584, 4.583079228401184, 4.583065023422241, 4.5830179929733275, 4.582958812713623, 4.583015460968017, 4.583085703849792, 4.583045287132263, 4.58304726600647, 4.582954001426697, 4.582997183799744, 4.583095445632934, 4.583051166534424, 4.583045878410339, 4.582967386245728, 4.582973580360413, 4.583084630966186, 4.583061180114746, 4.58305588722229, 4.582997746467591, 4.5829343461990355, 4.583096947669983, 4.5830600500106815, 4.5830699777603146, 4.582992458343506, 4.582915415763855, 4.583097620010376, 4.583060841560364, 4.583064513206482, 4.583016762733459, 4.582902112007141, 4.583084506988525, 4.583081393241883, 4.583084745407104, 4.582980051040649, 4.582936573028564, 4.583044443130493, 4.583086829185486, 4.5831092357635494, 4.5829623460769655, 4.58294780254364, 4.583050260543823, 4.583070821762085, 4.58311665058136, 4.582953019142151]}