{"vloss": [5.298300266265869, 5.298275470733643, 5.2984161376953125, 5.298290729522705, 5.29835844039917, 5.298219203948975, 5.29849910736084, 5.29826545715332, 5.2983503341674805, 5.2982401847839355, 5.298459529876709], "tloss": [0.010596525192260743, 5.298327010154724, 5.298328228950501, 5.298318005561828, 5.298323634147644, 5.298316526412964, 5.298322900772095, 5.298320264816284, 5.298313749313355, 5.2983196306228635, 5.2983191194534305]}