{"vloss": [4.58298397064209, 4.58298397064209, 4.58298397064209, 4.58298397064209, 4.58298397064209, 4.58298397064209], "tloss": [0.045829753875732425, 4.5830767679214475, 4.583104648590088, 4.582966675758362, 4.582965469360351, 4.583034505844116]}