{"vloss": [4.58298397064209, 4.58298397064209, 4.58298397064209, 4.58298397064209, 4.58298397064209, 4.58298397064209, 4.58298397064209, 4.58298397064209, 4.58298397064209, 4.58298397064209, 4.58298397064209, 4.58298397064209, 4.58298397064209], "tloss": [0.045829753875732425, 4.5830767679214475, 4.583104648590088, 4.582966675758362, 4.582965469360351, 4.583034505844116, 4.583078980445862, 4.583084335327149, 4.582984180450439, 4.58296359539032, 4.583038387298584, 4.583079228401184, 4.583065023422241]}